insert into `category`(`id`,`parent_category_id`,`name`,`slug`) values
(1,NULL,'物品交易','ershou'),
(2,NULL,'二手车买卖','cheliang'),
(3,NULL,'房屋租售','fang'),
(4,NULL,'宠物','chongwu'),
(5,NULL,'招聘','zhaopin'),
(6,NULL,'兼职','jianzhi'),
(7,NULL,'求职','qiuzhi'),
(8,NULL,'交友活动','jiaoyou'),
(9,NULL,'生活服务','fuwu');

insert into `category`(`id`,`parent_category_id`,`name`,`slug`) values
(1001,1,'二手电脑','diannao');

insert into `category`(`parent_category_id`,`name`,`slug`) values
(1,'二手手机','shouji'),
(1,'手机号码交易','shoujihaoma'),
(1,'二手照相机/DV','zhaoxiangji'),
(1,'MP3/MP4/游戏机','shuma'),
(1,'二手家电','dianqi'),
(1,'二手家具','jiaju'),
(1,'二手日用品','riyongpin'),
(1,'服装饰品','fushi'),
(1,'女鞋/男鞋/箱包','xiemao'),
(1,'母婴/幼儿/玩具','yinger'),
(1,'化妆品','huazhuangpin'),
(1,'书报杂志/音像制品','shu'),
(1,'二手乐器/文具','yueqi'),
(1,'运动器材','yundongqicai'),
(1,'收藏品/工艺品','shoucang'),
(1,'打折卡/票券/积分','quan'),
(1,'火车票/汽车票','huochepiao'),
(1,'其他转让物品','qitazhuanrang'),
(1,'求购','wupinqiugou');

insert into `category`(`parent_category_id`,`name`,`slug`) values
(2,'二手轿车','ershoujiaoche'),
(2,'二手货车/面包车','ershouhuoche'),
(2,'二手摩托车/燃气车','ershoumotuoche'),
(2,'二手电动车','ershoudiandongche'),
(2,'二手自行车','ershouzixingche'),
(2,'车辆求购','cheliangqiugou');

insert into `category`(`parent_category_id`,`name`,`slug`) values
(3,'房屋出租(非合租)','zhengzu'),
(3,'房屋合租','hezu'),
(3,'二手房出售','ershoufang'),
(3,'写字楼租售','xiezilou'),
(3,'店铺/公司转让','jingyingzhuanrang'),
(3,'家庭旅馆/日租/短租','duanzu'),
(3,'中介房源','zhongjie'),
(3,'求租/求购','qiufang');

insert into `category`(`parent_category_id`,`name`,`slug`) values
(4,'宠物/用品','chongwuxiangguan'),
(4,'宠物配种','chongwupeizhong');

insert into `category`(`parent_category_id`,`name`,`slug`) values
(5,'营业员/店员招聘','dianyuan'),
(5,'工人/技工招聘','gongren'),
(5,'文员/行政/助理招聘','wenmi'),
(5,'人事/人力资源','renshi'),
(5,'销售/业务员招聘','xiaoshou'),
(5,'保姆/钟点工招聘','bangyong'),
(5,'保安/仓管招聘','baoan'),
(5,'快递员/送货员','kuaidiyuan'),
(5,'服务员招聘','fuwuyuan'),
(5,'客服招聘','kefu'),
(5,'司机招聘','siji'),
(5,'厨师/配菜','chushi'),
(5,'老师/家教招聘','laoshi'),
(5,'会计/翻译/编辑','kuaiji'),
(5,'计算机/编程/网管','chengxuyuan'),
(5,'美工/设计师','meigong'),
(5,'美容师/保健师','meirongshi'),
(5,'KTV/酒吧','ktvjiuba'),
(5,'其他招聘','qitazhaopin'),
(5,'工作中介','zhiyezhongjie');

insert into `category`(`parent_category_id`,`name`,`slug`) values
(6,'促销/派发兼职','cuxiao'),
(6,'模特/演员/司仪兼职','mote'),
(6,'其他兼职','qitajianzhi');

insert into `category`(`parent_category_id`,`name`,`slug`) values
(7,'司机求职','sijiqiuzhi'),
(7,'兼职求职','jianzhiqiuzhi'),
(7,'其他求职','qitaqiuzhi');

insert into `category`(`parent_category_id`,`name`,`slug`) values
(8,'女找男','nvzhaonan'),
(8,'男找女','nanzhaonv'),
(8,'征婚','zhenghun'),
(8,'一起运动/旅游','yiqilvyou'),
(8,'拼车/顺风车','pinche'),
(8,'寻人/寻物','xunrenqishi');

insert into `category`(`parent_category_id`,`name`,`slug`) values
(9,'汽车出租','qichechuzu'),
(9,'驾校/陪驾/代驾','jiaxiaofuwu'),
(9,'验车/上牌年检/保险','qichefuwu'),
(9,'家政服务','baomu'),
(9,'电脑外语/技能培训','jineng'),
(9,'学历教育','xuelifuwu'),
(9,'装修服务','zhuangxiu'),
(9,'维修服务','weixiu'),
(9,'家教服务','jiajiaofuwu'),
(9,'物品回收','huishou'),
(9,'婚庆/摄影/司仪','siyi'),
(9,'搬家/快递','banjia'),
(9,'旅游/活动/聚会','lvxingshe'),
(9,'网页/平面设计/印刷','sheji'),
(9,'会计/翻译/律师服务','kuaijifuwu'),
(9,'公司注册/年检','daibanzhuce'),
(9,'招商加盟/代理','jiameng'),
(9,'其他服务','qitafuwu');

insert into `province`(`id`,`name`) values
(1,'直辖市'),
(2,'辽宁'),
(3,'湖北'),
(4,'四川'),
(5,'陕西'),
(6,'河北'),
(7,'山西'),
(8,'河南'),
(9,'吉林'),
(10,'黑龙江'),
(11,'内蒙古'),
(12,'江苏'),
(13,'山东'),
(14,'安徽'),
(15,'浙江'),
(16,'福建'),
(17,'湖南'),
(18,'广东'),
(19,'广西'),
(20,'江西'),
(21,'贵州'),
(22,'云南'),
(23,'西藏'),
(24,'海南'),
(25,'甘肃'),
(26,'宁夏'),
(27,'青海'),
(28,'新疆');

insert into `city`(`id`,`province_id`,`name`,`slug`,`is_capital`) values
(1,1,'北京','beijing',1),
(2,1,'上海','shanghai',1),
(3,1,'天津','tianjin',1),
(4,1,'重庆','chongqing',1);

insert into `city`(`province_id`,`name`,`slug`,`is_capital`) values
(2,'沈阳','shenyang',1),
(2,'大连','dalian',0),
(2,'抚顺','fushun',0),
(2,'锦州','jinzhou',0),
(2,'鞍山','anshan',0),
(2,'葫芦岛','huludao',0),
(2,'阜新','fuxin',0),
(2,'营口','yingkou',0),
(2,'本溪','benxi',0),
(2,'朝阳','chaoyang',0),
(2,'铁岭','tieling',0),
(2,'辽阳','liaoyang',0),
(2,'盘锦','panjin',0),
(2,'丹东','dandong',0),
(3,'武汉','wuhan',1),
(3,'宜昌','yichang',0),
(3,'襄樊','xiangfan',0),
(3,'荆州','jingzhou',0),
(3,'十堰','shiyan',0),
(3,'黄冈','huanggang',0),
(3,'荆门','jingmen',0),
(3,'随州','suizhou',0),
(3,'恩施','enshi',0),
(3,'孝感','xiaogan',0),
(3,'黄石','huangshi',0),
(3,'鄂州','ezhou',0),
(3,'咸宁','xianning',0),
(3,'天门','tianmen',0),
(3,'仙桃','xiantao',0),
(3,'潜江','qianjiang',0),
(3,'神农架','shennongjia',0),
(4,'成都','chengdu',1),
(4,'绵阳','mianyang',0),
(4,'泸州','luzhou',0),
(4,'南充','nanchong',0),
(4,'德阳','deyang',0),
(4,'乐山','leshan',0),
(4,'达州','dazhou',0),
(4,'广安','guangan',0),
(4,'攀枝花','panzhihua',0),
(4,'遂宁','suining',0),
(4,'自贡','zigong',0),
(4,'内江','neijiang',0),
(4,'广元','guangyuan',0),
(4,'巴中','bazhong',0),
(4,'宜宾','yibin',0),
(4,'眉山','meishan',0),
(4,'资阳','ziyang',0),
(4,'雅安','yaan',0),
(4,'凉山','liangshan',0),
(4,'阿坝','aba',0),
(4,'甘孜','ganzi',0),
(5,'西安','xian',1),
(5,'宝鸡','baoji',0),
(5,'咸阳','xianyang',0),
(5,'渭南','weinan',0),
(5,'汉中','hanzhong',0),
(5,'安康','ankang',0),
(5,'榆林','yulin',0),
(5,'延安','yanan',0),
(5,'铜川','tongchuan',0),
(5,'商洛','shangluo',0),
(6,'石家庄','shijiazhuang',1),
(6,'唐山','tangshan',0),
(6,'保定','baoding',0),
(6,'沧州','cangzhou',0),
(6,'廊坊','langfang',0),
(6,'邢台','xingtai',0),
(6,'邯郸','handan',0),
(6,'秦皇岛','qinhuangdao',0),
(6,'衡水','hengshui',0),
(6,'张家口','zhangjiakou',0),
(6,'承德','chengde',0),
(7,'太原','taiyuan',1),
(7,'长治','changzhi',0),
(7,'运城','yuncheng',0),
(7,'临汾','linfen',0),
(7,'晋中','jinzhong',0),
(7,'大同','datong',0),
(7,'忻州','xinzhou',0),
(7,'吕梁','lvliang',0),
(7,'朔州','shuozhou',0),
(7,'阳泉','yangquan',0),
(7,'晋城','jincheng',0),
(8,'郑州','zhengzhou',1),
(8,'洛阳','luoyang',0),
(8,'焦作','jiaozuo',0),
(8,'平顶山','pingdingshan',0),
(8,'驻马店','zhumadian',0),
(8,'新乡','xinxiang',0),
(8,'南阳','nanyang',0),
(8,'信阳','xinyang',0),
(8,'开封','kaifeng',0),
(8,'漯河','luohe',0),
(8,'安阳','anyang',0),
(8,'商丘','shangqiu',0),
(8,'周口','zhoukou',0),
(8,'许昌','xuchang',0),
(8,'濮阳','puyang',0),
(8,'三门峡','sanmenxia',0),
(8,'鹤壁','hebi',0),
(8,'济源','jiyuan',0),
(9,'长春','changchun',1),
(9,'吉林','jilin',0),
(9,'四平','siping',0),
(9,'白山','baishan',0),
(9,'白城','baicheng',0),
(9,'延边','yanbian',0),
(9,'通化','tonghua',0),
(9,'松原','songyuan',0),
(9,'辽源','liaoyuan',0),
(10,'哈尔滨','haerbin',1),
(10,'大庆','daqing',0),
(10,'齐齐哈尔','qiqihaer',0),
(10,'佳木斯','jiamusi',0),
(10,'鸡西','jixi',0),
(10,'双鸭山','shuangyashan',0),
(10,'鹤岗','hegang',0),
(10,'牡丹江','mudanjiang',0),
(10,'绥化','suihua',0),
(10,'七台河','qitaihe',0),
(10,'伊春','yichun',0),
(10,'黑河','heihe',0),
(11,'呼和浩特','huhehaote',1),
(11,'包头','baotou',0),
(11,'呼伦贝尔','hulunbeier',0),
(11,'鄂尔多斯','eerduosi',0),
(11,'赤峰','chifeng',0),
(11,'通辽','tongliao',0),
(11,'巴彦淖尔','bayannaoer',0),
(11,'兴安','xingan',0),
(11,'乌海','wuhai',0),
(11,'乌兰察布','wulanchabu',0),
(11,'锡林郭勒','xilinguole',0),
(11,'阿拉善','alashan',0),
(12,'南京','nanjing',1),
(12,'苏州','suzhou',0),
(12,'无锡','wuxi',0),
(12,'徐州','xuzhou',0),
(12,'常州','changzhou',0),
(12,'淮安','huaian',0),
(12,'扬州','yangzhou',0),
(12,'南通','nantong',0),
(12,'盐城','yancheng',0),
(12,'连云港','lianyungang',0),
(12,'宿迁','suqian',0),
(12,'泰州','taizhou',0),
(12,'镇江','zhenjiang',0),
(13,'济南','jinan',1),
(13,'青岛','qingdao',0),
(13,'淄博','zibo',0),
(13,'潍坊','weifang',0),
(13,'烟台','yantai',0),
(13,'临沂','linyi',0),
(13,'济宁','jining',0),
(13,'滨州','binzhou',0),
(13,'德州','dezhou',0),
(13,'东营','dongying',0),
(13,'枣庄','zaozhuang',0),
(13,'聊城','liaocheng',0),
(13,'泰安','taian',0),
(13,'日照','rizhao',0),
(13,'菏泽','heze',0),
(13,'威海','weihai',0),
(13,'莱芜','laiwu',0),
(14,'合肥','hefei',1),
(14,'芜湖','wuhu',0),
(14,'淮南','huainan',0),
(14,'蚌埠','bengbu',0),
(14,'阜阳','fuyang',0),
(14,'安庆','anqing',0),
(14,'巢湖','chaohu',0),
(14,'滁州','chuzhou',0),
(14,'六安','liuan',0),
(14,'铜陵','tongling',0),
(14,'淮北','huaibei',0),
(14,'宣城','xuancheng',0),
(14,'黄山','huangshan',0),
(14,'宿州','suzhou',0),
(14,'亳州','bozhou',0),
(14,'马鞍山','maanshan',0),
(14,'池州','chizhou',0),
(15,'杭州','hangzhou',1),
(15,'宁波','ningbo',0),
(15,'嘉兴','jiaxing',0),
(15,'温州','wenzhou',0),
(15,'金华','jinhua',0),
(15,'台州','taizhou',0),
(15,'绍兴','shaoxing',0),
(15,'湖州','huzhou',0),
(15,'衢州','quzhou',0),
(15,'丽水','lishui',0),
(15,'舟山','zhoushan',0),
(16,'福州','fuzhou',1),
(16,'厦门','xiamen',0),
(16,'泉州','quanzhou',0),
(16,'莆田','putian',0),
(16,'漳州','zhangzhou',0),
(16,'龙岩','longyan',0),
(16,'三明','sanming',0),
(16,'南平','nanping',0),
(16,'宁德','ningde',0),
(17,'长沙','changsha',1),
(17,'株洲','zhuzhou',0),
(17,'衡阳','hengyang',0),
(17,'岳阳','yueyang',0),
(17,'湘潭','xiangtan',0),
(17,'常德','changde',0),
(17,'益阳','yiyang',0),
(17,'永州','yongzhou',0),
(17,'娄底','loudi',0),
(17,'邵阳','shaoyang',0),
(17,'怀化','huaihua',0),
(17,'郴州','chenzhou',0),
(17,'湘西','xiangxi',0),
(17,'张家界','zhangjiajie',0),
(18,'广州','guangzhou',1),
(18,'深圳','shenzhen',0),
(18,'东莞','dongguan',0),
(18,'珠海','zhuhai',0),
(18,'中山','zhongshan',0),
(18,'佛山','foshan',0),
(18,'惠州','huizhou',0),
(18,'江门','jiangmen',0),
(18,'汕头','shantou',0),
(18,'清远','qingyuan',0),
(18,'肇庆','zhaoqing',0),
(18,'阳江','yangjiang',0),
(18,'茂名','maoming',0),
(18,'湛江','zhanjiang',0),
(18,'梅州','meizhou',0),
(18,'揭阳','jieyang',0),
(18,'河源','heyuan',0),
(18,'汕尾','shanwei',0),
(18,'云浮','yunfu',0),
(18,'潮州','chaozhou',0),
(18,'韶关','shaoguan',0),
(19,'南宁','nanning',1),
(19,'柳州','liuzhou',0),
(19,'桂林','guilin',0),
(19,'玉林','yulin',0),
(19,'贵港','guigang',0),
(19,'北海','beihai',0),
(19,'河池','hechi',0),
(19,'百色','baise',0),
(19,'梧州','wuzhou',0),
(19,'贺州','hezhou',0),
(19,'钦州','qinzhou',0),
(19,'防城港','fangchenggang',0),
(19,'来宾','laibin',0),
(19,'崇左','chongzuo',0),
(20,'南昌','nanchang',1),
(20,'赣州','ganzhou',0),
(20,'九江','jiujiang',0),
(20,'吉安','jian',0),
(20,'上饶','shangrao',0),
(20,'萍乡','pingxiang',0),
(20,'鹰潭','yingtan',0),
(20,'宜春','yichun',0),
(20,'景德镇','jingdezhen',0),
(20,'抚州','fuzhou',0),
(20,'新余','xinyu',0),
(21,'贵阳','guiyang',1),
(21,'遵义','zunyi',0),
(21,'黔东南','qiandongnan',0),
(21,'安顺','anshun',0),
(21,'黔南','qiannan',0),
(21,'毕节','bijie',0),
(21,'铜仁','tongren',0),
(21,'六盘水','liupanshui',0),
(21,'黔西南','qianxinan',0),
(22,'昆明','kunming',1),
(22,'红河','honghe',0),
(22,'文山','wenshan',0),
(22,'曲靖','qujing',0),
(22,'玉溪','yuxi',0),
(22,'丽江','lijiang',0),
(22,'大理','dali',0),
(22,'楚雄','chuxiong',0),
(22,'保山','baoshan',0),
(22,'昭通','zhaotong',0),
(22,'德宏','dehong',0),
(22,'临沧','lincang',0),
(22,'西双版纳','xishuangbanna',0),
(22,'普洱','puer',0),
(22,'怒江','nujiang',0),
(22,'迪庆','diqing',0),
(23,'拉萨','lasa',1),
(23,'林芝','linzhi',0),
(23,'日喀则','rikaze',0),
(23,'山南','shannan',0),
(23,'那曲','naqu',0),
(23,'阿里','ali',0),
(23,'昌都','changdu',0),
(24,'海口','haikou',1),
(24,'三亚','sanya',0),
(24,'儋州','danzhou',0),
(24,'琼海','qionghai',0),
(24,'五指山','wuzhishan',0),
(24,'文昌','wenchang',0),
(24,'万宁','wanning',0),
(24,'东方','dongfang',0),
(25,'兰州','lanzhou',1),
(25,'张掖','zhangye',0),
(25,'天水','tianshui',0),
(25,'庆阳','qingyang',0),
(25,'平凉','pingliang',0),
(25,'酒泉','jiuquan',0),
(25,'白银','baiyin',0),
(25,'武威','wuwei',0),
(25,'金昌','jinchang',0),
(25,'陇南','longnan',0),
(25,'嘉峪关','jiayuguan',0),
(25,'临夏','linxia',0),
(25,'定西','dingxi',0),
(25,'甘南','gannan',0),
(26,'银川','yinchuan',1),
(26,'石嘴山','shizuishan',0),
(26,'固原','guyuan',0),
(26,'吴忠','wuzhong',0),
(26,'中卫','zhongwei',0),
(27,'西宁','xining',1),
(27,'海南','hainan',0),
(27,'海西','haixi',0),
(27,'玉树','yushu',0),
(27,'海东','haidong',0),
(27,'海北','haibei',0),
(27,'黄南','huangnan',0),
(27,'果洛','guoluo',0),
(28,'乌鲁木齐','wulumuqi',1),
(28,'伊犁','yili',0),
(28,'阿克苏','akesu',0),
(28,'喀什','kashi',0),
(28,'石河子','shihezi',0),
(28,'巴音郭楞','bayinguoleng',0),
(28,'昌吉','changji',0),
(28,'哈密','hami',0),
(28,'博尔塔拉','boertala',0),
(28,'克拉玛依','kelamayi',0),
(28,'阿勒泰','aletai',0),
(28,'塔城','tacheng',0),
(28,'吐鲁番','tulufan',0),
(28,'和田','hetian',0);

insert into `area`(`id`,`city_id`,`name`,`slug`) values
(1,1,'海淀','haidian'),
(2,1,'朝阳','chaoyang'),
(3,1,'东城','dongcheng'),
(4,1,'西城','xicheng'),
(5,1,'崇文','chongwen'),
(6,1,'宣武','xuanwu'),
(7,1,'丰台','fengtai'),
(8,1,'石景山','shijingshan'),
(9,1,'房山','fangshan'),
(10,1,'大兴','daxing'),
(11,1,'通州','tongzhou'),
(12,1,'顺义','shunyi'),
(13,1,'昌平','changping'),
(14,1,'密云','miyun'),
(15,1,'怀柔','huairou'),
(16,1,'延庆','yanqing'),
(17,1,'平谷','pinggu'),
(18,1,'门头沟','mentougou'),
(21,2,'黄浦','huangpu'),
(22,2,'静安','jingan'),
(23,2,'卢湾','luwan'),
(24,2,'徐汇','xuhui'),
(25,2,'长宁','changning'),
(26,2,'闸北','zhabei'),
(27,2,'普陀','putuo'),
(28,2,'虹口','hongkou'),
(29,2,'杨浦','yangpu'),
(30,2,'浦东','pudong'),
(31,2,'闵行','minxing'),
(32,2,'松江','songjiang'),
(33,2,'宝山','baoshan'),
(34,2,'嘉定','jiading'),
(35,2,'青浦','qingpu'),
(36,2,'奉贤','fengxian'),
(37,2,'南汇','nanhui'),
(38,2,'金山','jinshan'),
(39,2,'崇明','chongming');